specification,theme_chinese,theme,date,horizon_months,predicted_with_policy,counterfactual_no_policy,effect_share,effect_pp,se_effect_pp,ci_low_pp,ci_high_pp,relative_change_pct
main_primary_share_aug2021,学业负担与学校教学,Schoolwork Burden,2021-08-01,0,0.12391894032494806,0.15756040075879424,-0.03364146043384618,-3.364146043384618,2.8329767889909396,-8.91678054980686,2.188488463037624,-21.35146919646844
main_primary_share_aug2021,学业负担与学校教学,Schoolwork Burden,2022-08-01,12,0.11666876625773957,0.14432424547740208,-0.027655479219662507,-2.7655479219662507,1.9410217407881416,-6.569950533911009,1.0388546899785072,-19.162046632000397
main_primary_share_aug2021,学业负担与学校教学,Schoolwork Burden,2023-08-01,24,0.10978962204647766,0.13202575857677715,-0.02223613653029949,-2.2236136530299486,2.2695847850766877,-6.671999831780257,2.2247725257203594,-16.842271364317497
main_primary_share_aug2021,学业负担与学校教学,Schoolwork Burden,2024-08-01,36,0.10326867328918175,0.12062753731042417,-0.017358864021242412,-1.7358864021242413,3.2511241729528497,-8.108089781111827,4.636316976863345,-14.390465401420679
main_primary_share_aug2021,校外培训与隐形变异,Shadow Education,2021-08-01,0,0.012597070081884317,0.04008099670292221,-0.02748392662103789,-2.748392662103789,0.8135830071108513,-4.343015356041057,-1.1537699681665206,-68.5709659985429
main_primary_share_aug2021,校外培训与隐形变异,Shadow Education,2022-08-01,12,0.017868440100633404,0.037835638497527066,-0.019967198396893662,-1.9967198396893662,0.8718650163433584,-3.7055752717223487,-0.2878644076563838,-52.77352038924549
main_primary_share_aug2021,校外培训与隐形变异,Shadow Education,2023-08-01,24,0.025289171654007226,0.035711386863821526,-0.0104222152098143,-1.04222152098143,0.9011140513876901,-2.8084050617013023,0.7239620197384423,-29.18457143531671
main_primary_share_aug2021,校外培训与隐形变异,Shadow Education,2024-08-01,36,0.035679760874355614,0.0337022221022369,0.00197753877211871,0.19775387721187102,0.9528529822070269,-1.6698379679139015,2.0653457223376437,5.867680671380585
main_primary_share_aug2021,培训退费与机构纠纷,Refund Disputes,2021-08-01,0,0.17006981032317858,0.0656668965421853,0.10440291378099328,10.440291378099328,2.8129871371353703,4.926836589314003,15.953746166884653,158.98865224112342
main_primary_share_aug2021,培训退费与机构纠纷,Refund Disputes,2022-08-01,12,0.08701715935396523,0.0972534958597071,-0.010236336505741878,-1.0236336505741876,3.0005771775118935,-6.9047649184974995,4.857497617349123,-10.525417534099022
main_primary_share_aug2021,培训退费与机构纠纷,Refund Disputes,2023-08-01,24,0.0424483784752246,0.14172893617592316,-0.09928055770069857,-9.928055770069857,5.063284370825607,-19.852093136888048,-0.0040184032516682455,-70.04960340453349
main_primary_share_aug2021,培训退费与机构纠纷,Refund Disputes,2024-08-01,36,0.020201895758446976,0.20199266172779068,-0.1817907659693437,-18.179076596934372,7.763237537660466,-33.39502217074888,-2.963131023119858,-89.99869817762416
main_primary_share_aug2021,学校课后服务,After-school Services,2021-08-01,0,0.03695763200631278,0.024151561865994504,0.012806070140318277,1.2806070140318278,0.37618334678603055,0.5432876543312078,2.0179263737324473,53.02377631464603
main_primary_share_aug2021,学校课后服务,After-school Services,2022-08-01,12,0.03801759317368805,0.024545137178221703,0.01347245599546635,1.347245599546635,0.3085002524385238,0.7425851047671284,1.9519060943261415,54.88849338116606
main_primary_share_aug2021,学校课后服务,After-school Services,2023-08-01,24,0.03910672002080374,0.024944962267705803,0.014161757753097935,1.4161757753097934,0.2864014628905481,0.8548289080443192,1.9775226425752677,56.772015131215504
main_primary_share_aug2021,学校课后服务,After-school Services,2024-08-01,36,0.04022574344476199,0.025351130996306273,0.01487461244845572,1.487461244845572,0.32838020260104395,0.8438360477475257,2.131086441943618,58.674354412917474
main_primary_share_aug2021,家庭教育压力与时间成本,Family Pressure,2021-08-01,0,0.06358024660083453,0.057547805682058535,0.006032440918775993,0.6032440918775993,0.6893669891380982,-0.7479152068330732,1.9544033905882718,10.482486425467139
main_primary_share_aug2021,家庭教育压力与时间成本,Family Pressure,2022-08-01,12,0.060199412557803075,0.053169365274646475,0.0070300472831566,0.70300472831566,0.6063733789864639,-0.4854870944978093,1.8914965511291293,13.221988351455533
main_primary_share_aug2021,家庭教育压力与时间成本,Family Pressure,2023-08-01,24,0.05698741152519951,0.049106694412652564,0.007880717112546946,0.7880717112546947,0.6351889722045567,-0.4568986742662364,2.0330420967756258,16.048152307552684
main_primary_share_aug2021,家庭教育压力与时间成本,Family Pressure,2024-08-01,36,0.05393695427980382,0.045339587131784376,0.008597367148019446,0.8597367148019446,0.7359347128095861,-0.5826953223048442,2.3021687519087335,18.962164615725932
main_primary_share_aug2021,学生身心健康,Student Well-being,2021-08-01,0,0.054988097364613096,0.07404092085401177,-0.019052823489398678,-1.9052823489398678,0.5553223190122217,-2.9937140942038227,-0.8168506036759131,-25.732828913575478
main_primary_share_aug2021,学生身心健康,Student Well-being,2022-08-01,12,0.06886132136829787,0.06944589817533636,-0.0005845768070384949,-0.05845768070384949,0.5422738304594342,-1.1213143884043406,1.0043990269966416,-0.841772980691474
main_primary_share_aug2021,学生身心健康,Student Well-being,2023-08-01,24,0.08591647253894116,0.0651159913565871,0.020800481182354058,2.080048118235406,0.5401456868078035,1.021362572092111,3.138733664378701,31.943737243355187
main_primary_share_aug2021,学生身心健康,Student Well-being,2024-08-01,36,0.10671164137244965,0.06103834334093061,0.04567329803151904,4.567329803151904,0.5936487047538541,3.40377834183435,5.730881264469458,74.82722421938965
main_primary_share_aug2021,招生升学与教育公平,Admissions Equity,2021-08-01,0,0.5852317125709886,0.6232865571809932,-0.038054844610004634,-3.8054844610004634,4.0216825964016465,-11.68798234994769,4.077013427946763,-6.105513454697221
main_primary_share_aug2021,招生升学与教育公平,Admissions Equity,2022-08-01,12,0.6024460288094836,0.6539330903280494,-0.05148706151856575,-5.148706151856574,3.0677269070951123,-11.161450889762994,0.8640385860498457,-7.873444895216568
main_primary_share_aug2021,招生升学与教育公平,Admissions Equity,2023-08-01,24,0.6194105168718911,0.6833530541971116,-0.06394253732522048,-6.394253732522048,2.7780284676805382,-11.839189529175902,-0.9493179358681936,-9.357174440428624
main_primary_share_aug2021,招生升学与教育公平,Admissions Equity,2024-08-01,36,0.6360883771377566,0.711375841887346,-0.07528746474958947,-7.528746474958947,3.263568333868331,-13.925340409340874,-1.1321525405770194,-10.583359782059066
quadratic_primary_share_aug2021,学业负担与学校教学,Schoolwork Burden,2021-08-01,0,0.11754451424586851,0.1104892340459269,0.007055280199941602,0.7055280199941603,2.658163782444054,-4.5044729935961865,5.915529033584507,6.3854910940996685
quadratic_primary_share_aug2021,学业负担与学校教学,Schoolwork Burden,2022-08-01,12,0.11666814031847707,0.08235373880976976,0.03431440150870731,3.431440150870731,1.8890742391688882,-0.2711453579002897,7.134025659641752,41.66708397777871
quadratic_primary_share_aug2021,学业负担与学校教学,Schoolwork Burden,2023-08-01,24,0.11209055348142449,0.058826130697647194,0.0532644227837773,5.32644227837773,2.1230635712643204,1.1652376786996612,9.487646878055799,90.5455146413491
quadratic_primary_share_aug2021,学业负担与学校教学,Schoolwork Burden,2024-08-01,36,0.10419328733935963,0.04027119242154086,0.06392209491781878,6.392209491781878,2.9661626025131405,0.578530790856123,12.205888192707633,158.7290841768747
quadratic_primary_share_aug2021,校外培训与隐形变异,Shadow Education,2021-08-01,0,0.011123542254028111,0.02168823074105477,-0.010564688487026658,-1.0564688487026657,0.44571165136714896,-1.930063685382278,-0.18287401202305378,-48.71161974050845
quadratic_primary_share_aug2021,校外培训与隐形变异,Shadow Education,2022-08-01,12,0.01751362845587198,0.014721447191249014,0.0027921812646229654,0.27921812646229655,0.4779491337799808,-0.6575621757464657,1.2159984286710588,18.96675801196192
quadratic_primary_share_aug2021,校外培训与隐形变异,Shadow Education,2023-08-01,24,0.026036171101616525,0.009439592268436586,0.01659657883317994,1.6596578833179938,0.44272018987774747,0.7919263111576088,2.527389455478379,175.81881040216493
quadratic_primary_share_aug2021,校外培训与隐形变异,Shadow Education,2024-08-01,36,0.03654975227856655,0.005718715543341205,0.030831036735225345,3.0831036735225346,0.5002871372235345,2.102540884564407,4.063666462480662,539.1252021815386
quadratic_primary_share_aug2021,培训退费与机构纠纷,Refund Disputes,2021-08-01,0,0.18066560815652596,0.09901992331563862,0.08164568484088734,8.164568484088734,2.9977289978108463,2.2890196483794756,14.040117319797993,82.45379526363732
quadratic_primary_share_aug2021,培训退费与机构纠纷,Refund Disputes,2022-08-01,12,0.08273838962967085,0.21452014813114686,-0.131781758501476,-13.1781758501476,5.821564725591694,-24.58844271230732,-1.7679089879878804,-61.43094699939851
quadratic_primary_share_aug2021,培训退费与机构纠纷,Refund Disputes,2023-08-01,24,0.0393643308082437,0.42977192948706133,-0.39040759867881764,-39.04075986788176,11.91077408580275,-62.38587707605515,-15.695642659708376,-90.8406463737114
quadratic_primary_share_aug2021,培训退费与机构纠纷,Refund Disputes,2024-08-01,36,0.020254363295543372,0.6978680409432216,-0.6776136776476782,-67.76136776476783,13.930760578154914,-95.06565849795146,-40.45707703158419,-97.0976800616678
quadratic_primary_share_aug2021,学校课后服务,After-school Services,2021-08-01,0,0.03836595178308654,0.03019287138111506,0.008173080401971483,0.8173080401971483,0.40638641645785717,0.020790663939748363,1.6138254164545482,27.06956982926624
quadratic_primary_share_aug2021,学校课后服务,After-school Services,2022-08-01,12,0.03791942222386309,0.03520870229704627,0.002710719926816818,0.2710719926816818,0.5123952685646895,-0.7332227337051097,1.2753667190684734,7.699005501387724
quadratic_primary_share_aug2021,学校课后服务,After-school Services,2023-08-01,24,0.03837484569347928,0.04200063919545739,-0.003625793501978114,-0.3625793501978114,0.8150762199028072,-1.9601287412073134,1.2349700408116906,-8.632710290681157
quadratic_primary_share_aug2021,学校课后服务,After-school Services,2024-08-01,36,0.03976362657036933,0.05121631993866299,-0.01145269336829366,-1.145269336829366,1.3036926183122128,-3.700506868721303,1.4099681950625713,-22.361414061005323
quadratic_primary_share_aug2021,家庭教育压力与时间成本,Family Pressure,2021-08-01,0,0.0666248883823532,0.07910936494632718,-0.012484476563973987,-1.2484476563973987,0.6094950970028139,-2.443058046522914,-0.05383726627188352,-15.781287806373175
quadratic_primary_share_aug2021,家庭教育压力与时间成本,Family Pressure,2022-08-01,12,0.060155102578678274,0.08711847609308798,-0.026963373514409708,-2.6963373514409708,0.7086832692935752,-4.085356559256378,-1.3073181436255636,-30.95023549952683
quadratic_primary_share_aug2021,家庭教育压力与时间成本,Family Pressure,2023-08-01,24,0.055896681700827046,0.09858500342669745,-0.0426883217258704,-4.26883217258704,1.1545710470656567,-6.531791424835727,-2.0058729203383527,-43.30102981394241
quadratic_primary_share_aug2021,家庭教育压力与时间成本,Family Pressure,2024-08-01,36,0.053476425492748766,0.1144938352593372,-0.06101740976658844,-6.101740976658844,1.8162814795889797,-9.661652676653244,-2.5418292766644437,-53.293183539864295
quadratic_primary_share_aug2021,学生身心健康,Student Well-being,2021-08-01,0,0.05499558089462695,0.07409597074527277,-0.01910038985064582,-1.910038985064582,0.6364510698306398,-3.1574830819326363,-0.662594888196528,-25.777906218826885
quadratic_primary_share_aug2021,学生身心健康,Student Well-being,2022-08-01,12,0.0688620910388119,0.06952639134508719,-0.0006643003062752895,-0.06643003062752895,0.8464418989323594,-1.7254561525349537,1.5925960912798958,-0.955464958591195
quadratic_primary_share_aug2021,学生身心健康,Student Well-being,2023-08-01,24,0.08591279872934968,0.06522323647839517,0.020689562250954502,2.0689562250954503,1.1066506177179374,-0.10007898563170713,4.237991435822607,31.72115241139222
quadratic_primary_share_aug2021,学生身心健康,Student Well-being,2024-08-01,36,0.10670855782971463,0.06117311031315818,0.04553544751655644,4.553544751655644,1.3671911569674218,1.8738500839994978,7.233239419311791,74.43703170143023
quadratic_primary_share_aug2021,招生升学与教育公平,Admissions Equity,2021-08-01,0,0.5869002073218982,0.6327776249038325,-0.04587741758193431,-4.587741758193431,4.343842736259865,-13.101673521262766,3.926190004875904,-7.250164319401561
quadratic_primary_share_aug2021,招生升学与教育公平,Admissions Equity,2022-08-01,12,0.6024107933300147,0.6685138137953064,-0.0661030204652917,-6.610302046529171,3.9310132158790227,-14.315087949652055,1.0944838565937143,-9.888056028342882
quadratic_primary_share_aug2021,招生升学与教育公平,Admissions Equity,2023-08-01,24,0.6187154465490968,0.7032901825399782,-0.08457473599088139,-8.45747359908814,4.135290206728363,-16.562642404275728,-0.3523047939005486,-12.025581771301603
quadratic_primary_share_aug2021,招生升学与教育公平,Admissions Equity,2024-08-01,36,0.6357357328967618,0.7366800043653855,-0.10094427146862373,-10.094427146862373,4.777584394286312,-19.458492559663544,-0.730361734061201,-13.702594188854409
announcement_2021_07,学业负担与学校教学,Schoolwork Burden,2021-07-01,0,0.1080024579288536,0.14209002819893168,-0.03408757027007808,-3.408757027007808,2.501986348022735,-8.312650269132368,1.4951362151167527,-23.9901214055318
announcement_2021_07,学业负担与学校教学,Schoolwork Burden,2022-07-01,12,0.10217975697316782,0.13013619593685627,-0.02795643896368845,-2.795643896368845,1.7249475635551288,-6.176541120936897,0.5852533281992076,-21.48244672623846
announcement_2021_07,学业负担与学校教学,Schoolwork Burden,2023-07-01,24,0.09663696429155348,0.11904847164674803,-0.02241150735519455,-2.2411507355194553,1.9884169390449888,-6.1384479360476325,1.6561464650087225,-18.825531353057695
announcement_2021_07,学业负担与学校教学,Schoolwork Burden,2024-07-01,36,0.09136424617595154,0.10878728719484958,-0.017423041018898036,-1.7423041018898036,2.837340160367142,-7.303490816209401,3.8188826124297948,-16.01569583005735
announcement_2021_07,校外培训与隐形变异,Shadow Education,2021-07-01,0,0.011844311522286636,0.03654382401715662,-0.024699512494869985,-2.4699512494869986,0.8043399306812717,-4.046457513622291,-0.8934449853517059,-67.58874627700166
announcement_2021_07,校外培训与隐形变异,Shadow Education,2022-07-01,12,0.01644830222123585,0.034507811664777635,-0.018059509443541785,-1.8059509443541784,0.8490489659153543,-3.4700869175482727,-0.14181497116008412,-52.334554329260044
announcement_2021_07,校外培训与隐形变异,Shadow Education,2023-07-01,24,0.022800612266244955,0.03258139819449361,-0.009780785928248659,-0.9780785928248659,0.8609233378332493,-2.6654883349780345,0.7093311493283027,-30.01954019855922
announcement_2021_07,校外培训与隐形变异,Shadow Education,2024-07-01,36,0.0315275365905998,0.030759101436304635,0.0007684351542951648,0.07684351542951648,0.8804923021011034,-1.6489213966886462,1.8026084275476792,2.4982366792684947
announcement_2021_07,培训退费与机构纠纷,Refund Disputes,2021-07-01,0,0.1369530117776099,0.05014414872305811,0.0868088630545518,8.680886305455179,2.247179986959317,4.276413531014919,13.08535907989544,173.11862952144185
announcement_2021_07,培训退费与机构纠纷,Refund Disputes,2022-07-01,12,0.07093562167668305,0.0747988523455683,-0.003863230668885248,-0.3863230668885248,2.469403624231948,-5.226354170383143,4.453708036606093,-5.164826127327792
announcement_2021_07,培训退费与机构纠纷,Refund Disputes,2023-07-01,24,0.03543492575442464,0.11016970135146617,-0.07473477559704153,-7.473477559704153,4.157455965839785,-15.622091252750131,0.6751361333418249,-67.83605172770757
announcement_2021_07,培训退费与机构纠纷,Refund Disputes,2024-07-01,36,0.017368884647975986,0.1593852722552944,-0.1420163876073184,-14.201638760731841,6.554522136076961,-27.048502147442687,-1.3547753740209973,-89.10257867480034
announcement_2021_07,学校课后服务,After-school Services,2021-07-01,0,0.027211173714274697,0.01831065899373716,0.008900514720537538,0.8900514720537538,0.25506766355410954,0.3901188514876991,1.3899840926198084,48.60838008933378
announcement_2021_07,学校课后服务,After-school Services,2022-07-01,12,0.028233090313263806,0.018627334428196925,0.009605755885066881,0.9605755885066881,0.22306111913471247,0.5233757950026517,1.3977753820107246,51.56806478186311
announcement_2021_07,学校课后服务,After-school Services,2023-07-01,24,0.029292229400080725,0.01894938091887567,0.010342848481205057,1.0342848481205056,0.22252561848231578,0.5981346358951667,1.4704350603458447,54.58145849452233
announcement_2021_07,学校课后服务,After-school Services,2024-07-01,36,0.03038985858999105,0.019276885877729723,0.011112972712261329,1.1112972712261329,0.2602774585116223,0.6011534525433531,1.621441089908913,57.64921151035068
announcement_2021_07,家庭教育压力与时间成本,Family Pressure,2021-07-01,0,0.05823418786896025,0.05107899042192974,0.007155197447030512,0.7155197447030512,0.5719518600460018,-0.4055059009871125,1.8365453903932147,14.008102720758888
announcement_2021_07,家庭教育压力与时间成本,Family Pressure,2022-07-01,12,0.05471411373949542,0.047097116729669986,0.0076169970098254325,0.7616997009825432,0.508322071110765,-0.23461155839455614,1.7580109603596425,16.17295821641438
announcement_2021_07,家庭教育压力与时间成本,Family Pressure,2023-07-01,24,0.05139520510471406,0.04341145025182375,0.007983754852890317,0.7983754852890317,0.5458648653915122,-0.2715196508783324,1.8682706214563958,18.39089642612185
announcement_2021_07,家庭教育压力与时间成本,Family Pressure,2024-07-01,36,0.04826733874196274,0.04000210400380424,0.008265234738158503,0.8265234738158502,0.6407656262479214,-0.42937715363007556,2.0824241012617764,20.66200002223001
announcement_2021_07,学生身心健康,Student Well-being,2021-07-01,0,0.04582169922078705,0.06390395710603655,-0.018082257885249503,-1.8082257885249504,0.46283436930993715,-2.7153811523724274,-0.9010704246774736,-28.29599089653464
announcement_2021_07,学生身心健康,Student Well-being,2022-07-01,12,0.0575350194635868,0.05995459061275921,-0.002419571149172406,-0.2419571149172406,0.45340105437334965,-1.1306231814890058,0.6467089516545246,-4.0356728724914115
announcement_2021_07,学生身心健康,Student Well-being,2023-07-01,24,0.07201660370695917,0.05623463868138316,0.01578196502557601,1.5781965025576008,0.45642018672883355,0.6836129365690872,2.4727800685461148,28.064490846992367
announcement_2021_07,学生身心健康,Student Well-being,2024-07-01,36,0.08979591851277624,0.05273254808363569,0.03706337042914055,3.706337042914055,0.5097566214743863,2.707214064824258,4.7054600210038515,70.28556702846357
announcement_2021_07,招生升学与教育公平,Admissions Equity,2021-07-01,0,0.6546633276904373,0.6849902158183344,-0.030326888127897078,-3.032688812789708,3.4587396163803588,-9.81181846089521,3.746440835315795,-4.427346176275902
announcement_2021_07,招生升学与教育公平,Admissions Equity,2022-07-01,12,0.6695107518207838,0.7128724090834824,-0.04336165726269858,-4.336165726269858,2.6435243029338955,-9.517473360020293,0.8451419074805767,-6.082667348347413
announcement_2021_07,招生升学与教育公平,Admissions Equity,2023-07-01,24,0.6840279239218123,0.7392262167303518,-0.055198292808539495,-5.5198292808539495,2.445256394262401,-10.312531813608256,-0.7271267480996435,-7.4670366877253525
announcement_2021_07,招生升学与教育公平,Admissions Equity,2024-07-01,36,0.6981948691803566,0.7639620648394788,-0.06576719565912226,-6.576719565912226,2.9022078327169702,-12.265046918037488,-0.8883922137869635,-8.608699133894959
delayed_2021_09,学业负担与学校教学,Schoolwork Burden,2021-09-01,0,0.14759761220446233,0.17973040551489688,-0.03213279331043456,-3.2132793310434558,3.3020114298074255,-9.68522173346601,3.2586630713790976,-17.878329055331292
delayed_2021_09,学业负担与学校教学,Schoolwork Burden,2022-09-01,12,0.13803304787216195,0.16473430945529338,-0.026701261583131436,-2.6701261583131437,2.25997213206323,-7.099671537157075,1.7594192205307877,-16.208682739753
delayed_2021_09,学业负担与学校教学,Schoolwork Burden,2023-09-01,24,0.12899448826186546,0.1507594712455569,-0.021764982983691422,-2.1764982983691423,2.6768874842283727,-7.4231977674567515,3.070201170718468,-14.436892623641958
delayed_2021_09,学业负担与学校教学,Schoolwork Burden,2024-09-01,36,0.12046506841792053,0.13777460645829914,-0.017309538040378616,-1.7309538040378616,3.8317841824303693,-9.241250801601385,5.779343193525661,-12.563663570048208
delayed_2021_09,校外培训与隐形变异,Shadow Education,2021-09-01,0,0.013433005566279042,0.0440703408511375,-0.030637335284858458,-3.063733528485846,0.8300993588722063,-4.69072827187537,-1.4367387850963211,-69.51917024727908
delayed_2021_09,校外培训与隐形变异,Shadow Education,2022-09-01,12,0.019492277497589243,0.041581209587759425,-0.022088932090170182,-2.208893209017018,0.9001160780139539,-3.9731207219243685,-0.4446656961096685,-53.122389437830755
delayed_2021_09,校外培训与隐形变异,Shadow Education,2023-09-01,24,0.02820658274757125,0.03922689753901302,-0.01102031479144177,-1.102031479144177,0.9484967744547483,-2.9610851570754835,0.7570221987871297,-28.093771067369122
delayed_2021_09,校外培训与隐形变异,Shadow Education,2024-09-01,36,0.04065520894171063,0.03700073953802608,0.0036544694036845515,0.36544694036845515,1.0424960730268644,-1.6778453627641992,2.4087392435011097,9.876746922663024
delayed_2021_09,培训退费与机构纠纷,Refund Disputes,2021-09-01,0,0.19122070072256017,0.09941823047435593,0.09180247024820425,9.180247024820424,3.2741046597555603,2.7630018916995263,15.597492157941323,92.33967433355585
delayed_2021_09,培训退费与机构纠纷,Refund Disputes,2022-09-01,12,0.10090825689342468,0.14975232352399595,-0.04884406663057127,-4.884406663057127,4.354202324494179,-13.418643219065718,3.649829892951463,-32.61656679586986
delayed_2021_09,培训退费与机构纠纷,Refund Disputes,2023-09-01,24,0.05058221843075276,0.2193626485714381,-0.16878043014068536,-16.878043014068535,7.42150397986369,-31.42419081460137,-2.3318952135357036,-76.94128022242582
delayed_2021_09,培训退费与机构纠纷,Refund Disputes,2024-09-01,36,0.02466671817967179,0.3095500086286142,-0.2848832904489424,-28.48832904489424,10.98753008541955,-50.02388801231656,-6.9527700774719206,-92.03142707410939
delayed_2021_09,学校课后服务,After-school Services,2021-09-01,0,0.048532631985913816,0.0317066532673486,0.016825978718565213,1.6825978718565213,0.5213542008124664,0.6607436382640872,2.704452105448955,53.067659259681456
delayed_2021_09,学校课后服务,After-school Services,2022-09-01,12,0.049700831706874775,0.03225891408537792,0.017441917621496855,1.7441917621496854,0.40790924866799955,0.9446896347604065,2.5436938895389645,54.06852064311364
delayed_2021_09,学校课后服务,After-school Services,2023-09-01,24,0.05089564632299555,0.03282046803984898,0.018075178283146573,1.8075178283146573,0.3642848940917918,1.0935194358947453,2.5215162207345694,55.07288397350273
delayed_2021_09,学校课后服务,After-school Services,2024-09-01,36,0.052117609147992655,0.033391460070366724,0.01872614907762593,1.872614907762593,0.4255589189808545,1.0385194265601183,2.7067103889650683,56.080653670620606
delayed_2021_09,家庭教育压力与时间成本,Family Pressure,2021-09-01,0,0.07066195698317994,0.06393929401135777,0.006722662971822169,0.6722662971822169,0.768451372466001,-0.8338983928511451,2.1784309872155787,10.514133876154462
delayed_2021_09,家庭教育压力与时间成本,Family Pressure,2022-09-01,12,0.06690073272809449,0.05912256501938767,0.007778167708706825,0.7778167708706825,0.6712432821672485,-0.5378200621771243,2.0934536039184897,13.15600516681944
delayed_2021_09,家庭教育压力与时间成本,Family Pressure,2023-09-01,24,0.06332607038143419,0.05464751017566935,0.008678560205764838,0.8678560205764838,0.7064647054877992,-0.5168148021796026,2.2525268433325705,15.880980081007943
delayed_2021_09,家庭教育压力与时间成本,Family Pressure,2024-09-01,36,0.05993014307364025,0.05049299956167862,0.009437143511961635,0.9437143511961634,0.8262409028767472,-0.6757178184422612,2.563146520834588,18.690003750785095
delayed_2021_09,学生身心健康,Student Well-being,2021-09-01,0,0.0660213976215743,0.0847309845961437,-0.018709586974569398,-1.8709586974569397,0.7055300099262148,-3.2537975169123214,-0.48811987800155865,-22.081163182211995
delayed_2021_09,学生身心健康,Student Well-being,2022-09-01,12,0.08216919142018575,0.07941684005082864,0.0027523513693571144,0.27523513693571144,0.6825050046248708,-1.0624746721290355,1.6129449460004583,3.465702447485376
delayed_2021_09,学生身心健康,Student Well-being,2023-09-01,24,0.10183585004881056,0.07440889147530297,0.02742695857350759,2.742695857350759,0.6646854160413432,1.4399124419097262,4.045479272791792,36.85978655200214
delayed_2021_09,学生身心健康,Student Well-being,2024-09-01,36,0.12556563271866542,0.06969283186673603,0.05587280085192939,5.587280085192939,0.7074000968083075,4.200775895448657,6.973784274937221,80.17008256855917
delayed_2021_09,招生升学与教育公平,Admissions Equity,2021-09-01,0,0.5144289388792205,0.5479836881733412,-0.03355474929412072,-3.3554749294120723,4.1123383295543725,-11.415658055338643,4.704708196514498,-6.123311700385231
delayed_2021_09,招生升学与教育公平,Admissions Equity,2022-09-01,12,0.5307231705700919,0.5802090152606204,-0.049485844690528524,-4.948584469052852,3.133862393441319,-11.090954760197839,1.1937858220921325,-8.528968593895476
delayed_2021_09,招生升学与教育公平,Admissions Equity,2023-09-01,24,0.5469521607138198,0.6117645978767421,-0.06481243716292229,-6.481243716292228,2.912992935510626,-12.190709869893055,-0.7717775626914016,-10.59434256049917
delayed_2021_09,招生升学与教育公平,Admissions Equity,2024-09-01,36,0.5630819506953847,0.6424100635335322,-0.07932811283814756,-7.932811283814756,3.5685281642816884,-14.927126485806863,-0.9384960818226471,-12.348516522578857
anylabel_share_aug2021,学业负担与学校教学,Schoolwork Burden,2021-08-01,0,0.19898556231430975,0.23243802557072027,-0.03345246325641052,-3.345246325641052,3.342432321294795,-9.89641367537885,3.205921024096746,-14.391992521134398
anylabel_share_aug2021,学业负担与学校教学,Schoolwork Burden,2022-08-01,12,0.19010151132164904,0.20899356384103082,-0.01889205251938178,-1.889205251938178,2.133533806920022,-6.070931513501421,2.292521009625065,-9.039537951394456
anylabel_share_aug2021,学业负担与学校教学,Schoolwork Burden,2023-08-01,24,0.18152421743313119,0.18733664547679446,-0.005812428043663276,-0.5812428043663276,2.44787386280402,-5.379075575462208,4.216589966729552,-3.1026647396562175
anylabel_share_aug2021,学业负担与学校教学,Schoolwork Burden,2024-08-01,36,0.17325114045965206,0.16744884575932617,0.005802294700325894,0.5802294700325894,3.724291320792724,-6.71938151872115,7.879840458786329,3.465114778196512
anylabel_share_aug2021,校外培训与隐形变异,Shadow Education,2021-08-01,0,0.015164663025614264,0.05399798245793054,-0.03883331943231628,-3.883331943231628,1.0600000524775095,-5.960932046087546,-1.8057318403757092,-71.91624143100356
anylabel_share_aug2021,校外培训与隐形变异,Shadow Education,2022-08-01,12,0.022024831134472924,0.051387222802092215,-0.02936239166761929,-2.936239166761929,1.1388896459271123,-5.1684628727790685,-0.7040154607447894,-57.13947955643132
anylabel_share_aug2021,校外培训与隐形变异,Shadow Education,2023-08-01,24,0.03188790755445964,0.04889616693010826,-0.01700825937564862,-1.7008259375648622,1.177041361235055,-4.00782700558557,0.6061751304558459,-34.784443124059344
anylabel_share_aug2021,校外培训与隐形变异,Shadow Education,2024-08-01,36,0.045960258403857486,0.04651994599906042,-0.0005596875952029318,-0.055968759520293176,1.2462910772612399,-2.498699270952323,2.386761751911737,-1.2031131661550853
anylabel_share_aug2021,培训退费与机构纠纷,Refund Disputes,2021-08-01,0,0.17202693564656568,0.06390916358452967,0.10811777206203602,10.811777206203601,2.831937390388946,5.2611799210412675,16.362374491365937,169.1741309038315
anylabel_share_aug2021,培训退费与机构纠纷,Refund Disputes,2022-08-01,12,0.08885510930557736,0.09148632625306234,-0.002631216947484985,-0.2631216947484985,2.98270410101798,-6.109221732743738,5.582978343246742,-2.8760767376391505
anylabel_share_aug2021,培训退费与机构纠纷,Refund Disputes,2023-08-01,24,0.04376956594249205,0.12931926711091815,-0.0855497011684261,-8.55497011684261,4.909593941439915,-18.177774242064842,1.0678340083796227,-66.15387101989177
anylabel_share_aug2021,培训退费与机构纠纷,Refund Disputes,2024-08-01,36,0.021032583968778485,0.1797028902727832,-0.1586703063040047,-15.86703063040047,7.403520845284589,-30.37793148715826,-1.3561297736426754,-88.29591224890612
anylabel_share_aug2021,学校课后服务,After-school Services,2021-08-01,0,0.05855990656152644,0.0450690458094389,0.013490860752087538,1.349086075208754,0.5621367301302896,0.24729808415338614,2.4508740662641215,29.933761653463097
anylabel_share_aug2021,学校课后服务,After-school Services,2022-08-01,12,0.06429051492763535,0.04421526716849492,0.02007524775914043,2.007524775914043,0.4907736701572427,1.0456083824058473,2.9694411694222387,45.40342973081663
anylabel_share_aug2021,学校课后服务,After-school Services,2023-08-01,24,0.0705398955991264,0.04337692765139031,0.027162967947736094,2.7162967947736094,0.46048047574781936,1.8137550623078833,3.6188385272393355,62.620774265153536
anylabel_share_aug2021,学校课后服务,After-school Services,2024-08-01,36,0.07734653513720774,0.04255377569959971,0.03479275943760803,3.479275943760803,0.5148940014051113,2.4700837010067853,4.4884681865148215,81.7618621746303
anylabel_share_aug2021,家庭教育压力与时间成本,Family Pressure,2021-08-01,0,0.2759491549252295,0.2717098610315322,0.00423929389369726,0.423929389369726,1.5360114872060535,-2.5866531255541387,3.434511904293591,1.5602282072512952
anylabel_share_aug2021,家庭教育压力与时间成本,Family Pressure,2022-08-01,12,0.26457989334178167,0.2619488167114964,0.0026310766302852784,0.26310766302852784,1.595687569981158,-2.864439974134542,3.3906553001915976,1.0044239417897725
anylabel_share_aug2021,家庭教育压力与时间成本,Family Pressure,2023-08-01,24,0.25351504185927654,0.2524168982069505,0.0010981436523260224,0.10981436523260224,1.782462371539386,-3.3838118829845945,3.6034406134497985,0.435051559593162
anylabel_share_aug2021,家庭教育压力与时间成本,Family Pressure,2024-08-01,36,0.24276017923181797,0.24311757699913453,-0.00035739776731655293,-0.03573977673165529,2.043951453173454,-4.041884624951625,3.9704050714883143,-0.14700614070278648
anylabel_share_aug2021,学生身心健康,Student Well-being,2021-08-01,0,0.15607052072369781,0.20804066192983428,-0.051970141206136466,-5.197014120613646,1.5088524364100038,-8.154364895977254,-2.2396633452500394,-24.980761320430904
anylabel_share_aug2021,学生身心健康,Student Well-being,2022-08-01,12,0.17870280868371552,0.19946294886200677,-0.020760140178291253,-2.0760140178291255,1.3696924487175945,-4.760611217315611,0.60858318165736,-10.408018279451795
anylabel_share_aug2021,学生身心健康,Student Well-being,2023-08-01,24,0.20382441902585305,0.19115353910642358,0.012670879919429473,1.2670879919429474,1.5278079087697838,-1.727415509245829,4.261591493131724,6.628639981588328
anylabel_share_aug2021,学生身心健康,Student Well-being,2024-08-01,36,0.23148220332384334,0.18311111108534725,0.04837109223849609,4.837109223849609,2.0725317043596716,0.7749470833046522,8.899271364394565,26.41625183299256
anylabel_share_aug2021,招生升学与教育公平,Admissions Equity,2021-08-01,0,0.6414490725696007,0.6695119949148145,-0.028062922345213792,-2.806292234521379,4.070458051303123,-10.784390015075502,5.171805546032743,-4.191548853248609
anylabel_share_aug2021,招生升学与教育公平,Admissions Equity,2022-08-01,12,0.657238315150355,0.6965505813483478,-0.03931226619799277,-3.9312266197992773,3.122849305381883,-10.052011258347768,2.1895580187492123,-5.643849456258303
anylabel_share_aug2021,招生升学与教育公平,Admissions Equity,2023-08-01,24,0.6726870496361588,0.7222945974752182,-0.04960754783905941,-4.960754783905941,2.7896741681724895,-10.42851615352402,0.5070065857121386,-6.868049132924801
anylabel_share_aug2021,招生升学与教育公平,Admissions Equity,2024-08-01,36,0.6877702730125217,0.7466489396694153,-0.058878666656893563,-5.887866665689357,3.1724082992690783,-12.10578693225675,0.3300536008780372,-7.885722931979594
exclude_2025_primary_share,学业负担与学校教学,Schoolwork Burden,2021-08-01,0,0.08001256055812896,0.15748167802265303,-0.07746911746452408,-7.746911746452407,1.69976232596911,-11.078445905351863,-4.415377587552952,-49.192463807364625
exclude_2025_primary_share,学业负担与学校教学,Schoolwork Burden,2022-08-01,12,0.10529846356543072,0.14424930387568402,-0.038950840310253296,-3.8950840310253296,1.6759947267608193,-7.180033695476536,-0.6101343665741235,-27.002445948593035
exclude_2025_primary_share,学业负担与学校教学,Schoolwork Burden,2023-08-01,24,0.13738203087618533,0.13195464105561075,0.005427389820574585,0.5427389820574585,1.6076315541743311,-2.6082188641242303,3.693696828239147,4.11307232330485
exclude_2025_primary_share,学业负担与学校教学,Schoolwork Burden,2024-08-01,36,0.1773039543355208,0.12056024686063768,0.05674370747488311,5.674370747488311,1.6077025975770303,2.5232736562373312,8.82546783873929,47.0666815575422
exclude_2025_primary_share,校外培训与隐形变异,Shadow Education,2021-08-01,0,0.017353686050686403,0.04044052023564987,-0.023086834184963465,-2.3086834184963467,0.8297616342838555,-3.9350162216927034,-0.6823506152999897,-57.08837089739398
exclude_2025_primary_share,校外培训与隐形变异,Shadow Education,2022-08-01,12,0.020240459123962808,0.038176470351327575,-0.017936011227364768,-1.7936011227364768,0.8380843687289949,-3.436246485445307,-0.15095576002764655,-46.9818478824904
exclude_2025_primary_share,校外培训与隐形变异,Shadow Education,2023-08-01,24,0.02359591363843624,0.03603441265954482,-0.012438499021108582,-1.2438499021108582,0.8377991604880737,-2.885936256667483,0.39823645244576633,-34.518389792080775
exclude_2025_primary_share,校外培训与隐形变异,Shadow Education,2024-08-01,36,0.027492025141177902,0.03400829479698581,-0.00651626965580791,-0.6516269655807909,0.8474721779830215,-2.312672434427513,1.009418503265931,-19.160824424473798
exclude_2025_primary_share,培训退费与机构纠纷,Refund Disputes,2021-08-01,0,0.15190110451953012,0.06558401232617682,0.0863170921933533,8.631709219335331,2.7824339683272945,3.178138641413833,14.085279797256828,131.61300922557496
exclude_2025_primary_share,培训退费与机构纠纷,Refund Disputes,2022-08-01,12,0.08910990670842203,0.09714273323418621,-0.008032826525764175,-0.8032826525764175,2.866968412062055,-6.422540740218044,4.8159754350652095,-8.269096676947612
exclude_2025_primary_share,培训退费与机构纠纷,Refund Disputes,2023-08-01,24,0.05072229186688989,0.1415863355843447,-0.0908640437174548,-9.086404371745479,5.007721920409856,-18.901539335748797,0.7287305922578382,-64.17571536296029
exclude_2025_primary_share,培训退费与机构纠纷,Refund Disputes,2024-08-01,36,0.028356848078485736,0.2018180927639376,-0.17346124468545188,-17.346124468545188,7.808804234099364,-32.65138076737995,-2.040868169710433,-85.94930331065305
exclude_2025_primary_share,学校课后服务,After-school Services,2021-08-01,0,0.03564397842670853,0.02385688049940988,0.011787097927298651,1.178709792729865,0.44667165051840835,0.3032333577137848,2.0541862277459453,49.40754063629658
exclude_2025_primary_share,学校课后服务,After-school Services,2022-08-01,12,0.03741203271226441,0.024246093927581137,0.013165938784683275,1.3165938784683275,0.328229241085012,0.673264565941704,1.959923190994951,54.30127765737295
exclude_2025_primary_share,学校课后服务,After-school Services,2023-08-01,24,0.039264217301230246,0.02464149689058521,0.014622720410645038,1.4622720410645038,0.2954278486672378,0.8832334576767177,2.04131062445229,59.34185116908197
exclude_2025_primary_share,学校课后服务,After-school Services,2024-08-01,36,0.04120417416772082,0.025043182551087943,0.016160991616632876,1.6160991616632876,0.40134309376037836,0.8294666978929461,2.402731625433629,64.53249934853348
exclude_2025_primary_share,家庭教育压力与时间成本,Family Pressure,2021-08-01,0,0.058145334090487326,0.05709286593937922,0.001052468151108106,0.1052468151108106,0.5285263229140195,-0.9306647778006676,1.1411584080222887,1.8434319836485507
exclude_2025_primary_share,家庭教育压力与时间成本,Family Pressure,2022-08-01,12,0.05846450725040404,0.05274554102415105,0.0057189662262529875,0.5718966226252987,0.5513443668805269,-0.508738336460534,1.6525315817111315,10.842558660331868
exclude_2025_primary_share,家庭教育压力与时间成本,Family Pressure,2023-08-01,24,0.05878532307443853,0.04871214093934868,0.010073182135089849,1.0073182135089849,0.5944464559281206,-0.15779684011013162,2.1724332671281017,20.678996941710963
exclude_2025_primary_share,家庭教育压力与时间成本,Family Pressure,2024-08-01,36,0.059107788813991695,0.044972527775056385,0.01413526103893531,1.413526103893531,0.65277302287749,0.13409097905365072,2.6929612287334113,31.430879557486886
exclude_2025_primary_share,学生身心健康,Student Well-being,2021-08-01,0,0.053457314549551875,0.07281626386159805,-0.019358949312046174,-1.9358949312046174,0.5870233529993188,-3.0864607030832825,-0.7853291593259524,-26.586023898234806
exclude_2025_primary_share,学生身心健康,Student Well-being,2022-08-01,12,0.06805877895917914,0.06830136235946024,-0.00024258340028110448,-0.024258340028110448,0.5566478666475874,-1.1152881586573817,1.0667714786011608,-0.35516626887238784
exclude_2025_primary_share,学生身心健康,Student Well-being,2023-08-01,24,0.08628496006351578,0.06404706536985441,0.022237894693661373,2.223789469366137,0.5278784582094351,1.1891476912756445,3.25843124745663,34.721176630410106
exclude_2025_primary_share,学生身心健康,Student Well-being,2024-08-01,36,0.10882217408800653,0.060040679999164716,0.04878149408884181,4.878149408884181,0.5643819954552962,3.7719606977918008,5.984338119976561,81.24740440901145
exclude_2025_primary_share,招生升学与教育公平,Admissions Equity,2021-08-01,0,0.6388664238400713,0.6275035440423349,0.011362879797736425,1.1362879797736425,4.422907262086754,-7.532610253916397,9.805186213463681,1.8108072704318978
exclude_2025_primary_share,招生升学与教育公平,Admissions Equity,2022-08-01,12,0.6155770443390871,0.6580050550960043,-0.042428010756917156,-4.242801075691716,3.101768910069122,-10.322268139427194,1.8366659880437632,-6.447976414212627
exclude_2025_primary_share,招生升学与教育公平,Admissions Equity,2023-08-01,24,0.5917455145545832,0.6872537705674728,-0.09550825601288959,-9.55082560128896,2.175306033791981,-13.814425427521243,-5.287225775056676,-13.897087233734256
exclude_2025_primary_share,招生升学与教育公平,Admissions Equity,2024-08-01,36,0.5674746597987033,0.7150841557783281,-0.1476094959796248,-14.76094959796248,2.4093489794262775,-19.483273597637986,-10.038625598286977,-20.642255150928403
month_fe_primary_share_aug2021,学业负担与学校教学,Schoolwork Burden,2021-08-01,0,0.12065712117008194,0.15756269444439633,-0.03690557327431439,-3.690557327431439,2.7987409727370705,-9.176089633996098,1.7949749791332195,-23.42278634193979
month_fe_primary_share_aug2021,学业负担与学校教学,Schoolwork Burden,2022-08-01,12,0.11483571777859232,0.1444797881897125,-0.029644070411120174,-2.9644070411120174,1.948279401795684,-6.783034668631557,0.8542205864075232,-20.517797529018626
month_fe_primary_share_aug2021,学业负担与学校教学,Schoolwork Burden,2023-08-01,24,0.1092602840165806,0.13231257959475676,-0.02305229557817616,-2.305229557817616,2.28863754272829,-6.7909591415650645,2.1805000259298315,-17.42260308791506
month_fe_primary_share_aug2021,学业负担与学校教学,Schoolwork Burden,2024-08-01,36,0.1039237640404161,0.12102506871725427,-0.017101304676838167,-1.7101304676838167,3.29269063654724,-8.163804115316408,4.743543179948774,-14.13038212503826
month_fe_primary_share_aug2021,校外培训与隐形变异,Shadow Education,2021-08-01,0,0.0069823561552879625,0.021693559824898123,-0.014711203669610162,-1.4711203669610162,0.4358883772884314,-2.3254615864463415,-0.6167791474756906,-67.81369119846262
month_fe_primary_share_aug2021,校外培训与隐形变异,Shadow Education,2022-08-01,12,0.009835357724958842,0.020413265750443155,-0.010577908025484313,-1.0577908025484313,0.4780308942600526,-1.9947313552981343,-0.12085024979872819,-51.81879349831458
month_fe_primary_share_aug2021,校外培训与隐形变异,Shadow Education,2023-08-01,24,0.0138378553866712,0.019207047646569646,-0.005369192259898447,-0.5369192259898447,0.5047963743653472,-1.526320119745925,0.4524816677662358,-27.954281983870526
month_fe_primary_share_aug2021,校外培训与隐形变异,Shadow Education,2024-08-01,36,0.019437194908249383,0.018070790024294202,0.0013664048839551815,0.13664048839551815,0.5381802868286856,-0.9181928737887056,1.191473850579742,7.561400924465392
month_fe_primary_share_aug2021,培训退费与机构纠纷,Refund Disputes,2021-08-01,0,0.16858510995306253,0.06491252530206248,0.10367258465100004,10.367258465100004,2.8872252692725997,4.708296937325709,16.0262199928743,159.71121777896082
month_fe_primary_share_aug2021,培训退费与机构纠纷,Refund Disputes,2022-08-01,12,0.08614878484126029,0.09617914038217948,-0.010030355540919189,-1.003035554091919,3.09570648787593,-7.070620270328742,5.064549162144904,-10.428826355759009
month_fe_primary_share_aug2021,培训退费与机构纠纷,Refund Disputes,2023-08-01,24,0.04198722844491776,0.140247254404151,-0.09826002595923325,-9.826002595923326,5.343798523533062,-20.299847702048122,0.6478425102014753,-70.06199613439632
month_fe_primary_share_aug2021,培训退费与机构纠纷,Refund Disputes,2024-08-01,36,0.01996907446525215,0.2000379690199399,-0.18006889455468775,-18.006889455468773,8.28880986823492,-34.252956797209215,-1.760822113728333,-90.01735792305429
month_fe_primary_share_aug2021,学校课后服务,After-school Services,2021-08-01,0,0.024670289537398988,0.016542305386188123,0.008127984151210865,0.8127984151210864,0.21725633096000807,0.38697600643947067,1.2386208238027023,49.13453089795613
month_fe_primary_share_aug2021,学校课后服务,After-school Services,2022-08-01,12,0.025564274047480035,0.01684050391962747,0.008723770127852564,0.8723770127852564,0.18788248831281976,0.5041273356921296,1.240626689878383,51.802310486000835
month_fe_primary_share_aug2021,学校课后服务,After-school Services,2023-08-01,24,0.026489774278265453,0.017143984198084633,0.00934579008018082,0.934579008018082,0.18710549338188748,0.5678522409895825,1.3013057750465815,54.51352481545657
month_fe_primary_share_aug2021,学校课后服务,After-school Services,2024-08-01,36,0.027447836490543047,0.017452836366566627,0.00999500012397642,0.999500012397642,0.22099866821640968,0.566342622693479,1.432657402101805,57.26862908726547
month_fe_primary_share_aug2021,家庭教育压力与时间成本,Family Pressure,2021-08-01,0,0.06932559485198846,0.06405191213203548,0.005273682719952974,0.5273682719952975,0.7965966077878679,-1.0339610792689236,2.0886976232595185,8.2334508750994
month_fe_primary_share_aug2021,家庭教育压力与时间成本,Family Pressure,2022-08-01,12,0.06605520401605247,0.05926504437917407,0.006790159636878401,0.6790159636878401,0.7205920808329802,-0.733344514744801,2.091376442120481,11.457275883293669
month_fe_primary_share_aug2021,家庭教育压力与时间成本,Family Pressure,2023-08-01,24,0.06292866005529635,0.05481496766247769,0.008113692392818658,0.8113692392818659,0.7532418930809436,-0.6649848711567836,2.2877233497205154,14.801965117955726
month_fe_primary_share_aug2021,家庭教育压力与时间成本,Family Pressure,2024-08-01,36,0.05994060479799921,0.05068103529075522,0.009259569507243992,0.9259569507243992,0.8581025240989726,-0.755923996509587,2.6078378979583854,18.270284839530575
month_fe_primary_share_aug2021,学生身心健康,Student Well-being,2021-08-01,0,0.04229298477642485,0.0563241043824963,-0.014031119606071452,-1.4031119606071452,0.4476884569979211,-2.2805813363230705,-0.5256425848912197,-24.911394082338695
month_fe_primary_share_aug2021,学生身心健康,Student Well-being,2022-08-01,12,0.05275558742166107,0.052672235399490466,8.33520221706005e-05,0.00833520221706005,0.41838232471923176,-0.8116941542326341,0.8283645586667542,0.15824660096238638
month_fe_primary_share_aug2021,学生身心健康,Student Well-being,2023-08-01,24,0.06562910144160455,0.04924478567126595,0.016384315770338602,1.6384315770338602,0.3960898480291106,0.8620954748968034,2.414767679170917,33.27116880904358
month_fe_primary_share_aug2021,学生身心健康,Student Well-being,2024-08-01,36,0.08137416637948708,0.046029527789744916,0.03534463858974216,3.5344638589742163,0.4130384870422425,2.724908424371421,4.344019293577012,76.78688069795216
month_fe_primary_share_aug2021,招生升学与教育公平,Admissions Equity,2021-08-01,0,0.6420666461943929,0.674550822710961,-0.0324841765165681,-3.2484176516568097,3.7874415036162006,-10.671802998744564,4.174967695430944,-4.815675175669791
month_fe_primary_share_aug2021,招生升学与教育公平,Admissions Equity,2022-08-01,12,0.6569362495676918,0.7030334571156979,-0.04609720754800606,-4.609720754800605,2.8853750668034484,-10.265055885735364,1.0456143761341525,-6.556900967007587
month_fe_primary_share_aug2021,招生升学与教育公平,Admissions Equity,2023-08-01,24,0.6715041690475477,0.7300210332344564,-0.05851686418690871,-5.851686418690871,2.6255686833456693,-10.997801038048383,-0.7055717993333592,-8.015777836926405
month_fe_primary_share_aug2021,招生升学与教育公平,Admissions Equity,2024-08-01,36,0.6857493930222571,0.7554093114402052,-0.06965991841794805,-6.965991841794805,3.084196046685647,-13.011016093298672,-0.9209675902909373,-9.221479979527896
