specification,theme_chinese,theme,term,coefficient,std_error,z_value,p_value,ci_low,ci_high,n_months,converged,q_value_bh,significant_fdr_005
month_fe_primary_share_aug2021,学业负担与学校教学,Schoolwork Burden,time,-0.008507857455837368,0.001421682821739214,-5.984356936541788,2.1724643935432328e-09,-0.011294304583885506,-0.005721410327789231,180,True,,False
month_fe_primary_share_aug2021,学业负担与学校教学,Schoolwork Burden,post_policy,-0.3097462805643657,0.25359519063304314,-1.2214201688571225,0.22192697461534538,-0.8067837208576996,0.18729115972896815,180,True,0.3106977644614835,False
month_fe_primary_share_aug2021,学业负担与学校教学,Schoolwork Burden,post_time,0.0038371403546938916,0.013366320768920444,0.2870752857896441,0.7740546751630241,-0.0223603669581999,0.030034647667587684,180,True,0.7740546751630241,False
month_fe_primary_share_aug2021,学业负担与学校教学,Schoolwork Burden,post_period_slope,-0.004670717101143477,0.01315562498445717,-0.3550357437720927,0.7225628136290838,-0.03045574207067953,0.021114307868392575,180,True,,False
month_fe_primary_share_aug2021,校外培训与隐形变异,Shadow Education,time,-0.005178190946043275,0.0029677299452818074,-1.744832259510583,0.081014071646241,-0.010994834754636643,0.0006384528625500924,180,True,,False
month_fe_primary_share_aug2021,校外培训与隐形变异,Shadow Education,post_policy,-1.1485544939976187,0.3927112589969989,-2.924679310012846,0.0034481136252305167,-1.9182544179551178,-0.3788545700401196,180,True,0.0060341988441534045,True
month_fe_primary_share_aug2021,校外培训与隐形变异,Shadow Education,post_time,0.03396774123148867,0.009369000078878722,3.625546050326634,0.00028835150421328723,0.015604838505733451,0.05233064395724389,180,True,0.0006728201764976703,True
month_fe_primary_share_aug2021,校外培训与隐形变异,Shadow Education,post_period_slope,0.028789550285445397,0.009397831047585873,3.063424968981635,0.0021881907020068854,0.010369801432177087,0.0472092991387137,180,True,,False
month_fe_primary_share_aug2021,培训退费与机构纠纷,Refund Disputes,time,0.035598400281790704,0.006936585173848726,5.131977679160989,2.8671350698806903e-07,0.022002943165352694,0.049193857398228714,180,True,,False
month_fe_primary_share_aug2021,培训退费与机构纠纷,Refund Disputes,post_policy,1.0719112713664851,0.3148453663489151,3.4045642271850407,0.0006626971410980229,0.4548256926232924,1.6889968501096777,180,True,0.00154629332922872,True
month_fe_primary_share_aug2021,培训退费与机构纠纷,Refund Disputes,post_time,-0.09942370909630949,0.01763551261994173,-5.637698843178736,1.7233755482695313e-08,-0.1339886786802969,-0.06485873951232209,180,True,6.03181441894336e-08,True
month_fe_primary_share_aug2021,培训退费与机构纠纷,Refund Disputes,post_period_slope,-0.06382530881451878,0.016309612114830615,-3.9133554106097543,9.102241155976601e-05,-0.09579214855958679,-0.03185846906945078,180,True,,False
month_fe_primary_share_aug2021,学校课后服务,After-school Services,time,0.0015140941959510626,0.0013681094450302773,1.1067054623817427,0.268421292937411,-0.0011673510432173618,0.004195539435119487,180,True,,False
month_fe_primary_share_aug2021,学校课后服务,After-school Services,post_policy,0.40797764788610713,0.10575169797705765,3.857882716688067,0.00011437350344595765,0.20070812854711684,0.6152471672250974,180,True,0.0008006145241217036,True
month_fe_primary_share_aug2021,学校课后服务,After-school Services,post_time,0.0015286710088415199,0.002962598654058824,0.5159899086388929,0.6058614573534569,-0.0042779156537606135,0.007335257671443654,180,True,0.7068383669123663,False
month_fe_primary_share_aug2021,学校课后服务,After-school Services,post_period_slope,0.0030427652047925824,0.0024569417230298385,1.2384360509130519,0.21555442016685633,-0.001772840572345901,0.007858370981931066,180,True,,False
month_fe_primary_share_aug2021,家庭教育压力与时间成本,Family Pressure,time,-0.0068979703721840134,0.0016251440815103553,-4.244528500988827,2.1905352590604155e-05,-0.010083194241632735,-0.003712746502735291,180,True,,False
month_fe_primary_share_aug2021,家庭教育压力与时间成本,Family Pressure,post_policy,0.08477081354870025,0.12701660959884806,0.6673994355260217,0.5045170263676296,-0.16417716670342647,0.333718793800827,180,True,0.5045170263676296,False
month_fe_primary_share_aug2021,家庭教育压力与时间成本,Family Pressure,post_time,0.002578703992064661,0.004027875921520809,0.6402143567250248,0.5220332503808194,-0.0053157877483122045,0.010473195732441527,180,True,0.7068383669123663,False
month_fe_primary_share_aug2021,家庭教育压力与时间成本,Family Pressure,post_period_slope,-0.004319266380119353,0.003763056561730561,-1.1478079878057963,0.2510478390640195,-0.011694857241111252,0.003056324480872546,180,True,,False
month_fe_primary_share_aug2021,学生身心健康,Student Well-being,time,-0.005908039705689964,0.0007017490341774277,-8.41902078656256,3.796440483444736e-17,-0.00728344253886349,-0.004532636872516439,180,True,,False
month_fe_primary_share_aug2021,学生身心健康,Student Well-being,post_policy,-0.30126048282924467,0.08551768867833216,-3.5227856071088577,0.00042703665128020305,-0.46887207267988446,-0.13364889297860488,180,True,0.0014946282794807107,True
month_fe_primary_share_aug2021,学生身心健康,Student Well-being,post_time,0.02524414069966338,0.0016119948812688464,15.660186637685232,2.8306532922684215e-55,0.022084688789113523,0.02840359261021324,180,True,1.981457304587895e-54,True
month_fe_primary_share_aug2021,学生身心健康,Student Well-being,post_period_slope,0.019336100993973416,0.001523181536851125,12.694547909205204,6.339496057371524e-37,0.01635066518174521,0.022321536806201622,180,True,,False
month_fe_primary_share_aug2021,招生升学与教育公平,Admissions Equity,time,0.011078690910438995,0.0006313633726863475,17.54724995100838,6.243061048110206e-69,0.009841241438816015,0.012316140382061976,180,True,,False
month_fe_primary_share_aug2021,招生升学与教育公平,Admissions Equity,post_policy,-0.1444954073736207,0.1654231595106111,-0.8734895875589417,0.3823962792100323,-0.46871884222324295,0.17972802747600153,180,True,0.44612899241170434,False
month_fe_primary_share_aug2021,招生升学与教育公平,Admissions Equity,post_time,-0.005634908586850387,0.0054652186574002245,-1.0310490650214685,0.30251781163223423,-0.016346540322991175,0.005076723149290401,180,True,0.5294061703564099,False
month_fe_primary_share_aug2021,招生升学与教育公平,Admissions Equity,post_period_slope,0.0054437823235886085,0.005472673176490053,0.9947208883173297,0.3198720322759043,-0.005282657102331896,0.016170221749509113,180,True,,False
