contrast_id,family,left_scenario,right_scenario,horizon_months,simulation_month,effect_magnitude,paired_cosine_displacement,alignment_with_full_horizon_direction,T_observed,raw_p,BH_q_secondary_40,reject_BH_0_05_secondary
full_policy,benchmark_horizon,P0,P_ABC,0,2021-08,0.1913143162027517,0.1173377363518445,1.0,0.1913143151261649,9.999000099990002e-05,,False
full_policy,benchmark_horizon,P0,P_ABC,6,2022-02,0.1672641132931321,0.1099962347179925,1.0,0.1672641146331971,9.999000099990002e-05,,False
full_policy,benchmark_horizon,P0,P_ABC,12,2022-08,0.1857795507598966,0.1201219577085664,1.0,0.1857795461154633,9.999000099990002e-05,,False
full_policy,benchmark_horizon,P0,P_ABC,24,2023-08,0.1828467211082208,0.1165428971927107,1.0,0.1828467206633767,9.999000099990002e-05,,False
full_policy,benchmark_horizon,P0,P_ABC,36,2024-08,0.1663720673244071,0.1158600557869631,1.0,0.1663720680106722,9.999000099990002e-05,,False
information,secondary_40,P0,P_NORM_ABC,0,2021-08,0.1913143162027517,0.1173377363518445,1.0,0.1913143151261649,9.999000099990002e-05,0.0001599840015998,True
information,secondary_40,P0,P_NORM_ABC,6,2022-02,0.09608604588467,0.0882424007418945,0.7753907583269295,0.0960860474143332,9.999000099990002e-05,0.0001599840015998,True
information,secondary_40,P0,P_NORM_ABC,12,2022-08,0.1236503179470661,0.1071828788309317,0.8173448186645288,0.1236503199976757,9.999000099990002e-05,0.0001599840015998,True
information,secondary_40,P0,P_NORM_ABC,24,2023-08,0.121177798098018,0.1037534471745384,0.8201480794558558,0.1211777979905308,9.999000099990002e-05,0.0001599840015998,True
information,secondary_40,P0,P_NORM_ABC,36,2024-08,0.1197478287259231,0.1007852120708474,0.7981656016666141,0.1197478306597224,9.999000099990002e-05,0.0001599840015998,True
state_given_information,secondary_40,P_NORM_ABC,P_ABC,0,2021-08,0.0,1.4294198782987396e-08,,0.0,1.0,1.0,False
state_given_information,secondary_40,P_NORM_ABC,P_ABC,6,2022-02,0.1108424250959543,0.0957252142093174,0.8368626111610871,0.1108424316641888,9.999000099990002e-05,0.0001599840015998,True
state_given_information,secondary_40,P_NORM_ABC,P_ABC,12,2022-08,0.1106880382863363,0.0993724132802701,0.7653456088653156,0.1106880425655824,9.999000099990002e-05,0.0001599840015998,True
state_given_information,secondary_40,P_NORM_ABC,P_ABC,24,2023-08,0.1085034598109661,0.0965463271323509,0.7692195526777676,0.1085034669212881,9.999000099990002e-05,0.0001599840015998,True
state_given_information,secondary_40,P_NORM_ABC,P_ABC,36,2024-08,0.1010741781358492,0.0975352859945718,0.7004110345587725,0.1010741772858907,9.999000099990002e-05,0.0001599840015998,True
sufficiency_A,secondary_40,P0,P_A_ONLY,0,2021-08,0.1095776423804146,0.1050999246893343,0.177290312671057,0.1095776426273957,9.999000099990002e-05,0.0001599840015998,True
sufficiency_A,secondary_40,P0,P_A_ONLY,6,2022-02,0.10197519751936,0.1035303674657646,0.6269132100072172,0.1019751939602092,9.999000099990002e-05,0.0001599840015998,True
sufficiency_A,secondary_40,P0,P_A_ONLY,12,2022-08,0.1186519586208721,0.1096057643255354,0.591255366515872,0.1186519630645798,9.999000099990002e-05,0.0001599840015998,True
sufficiency_A,secondary_40,P0,P_A_ONLY,24,2023-08,0.1036079221864115,0.0997196267885362,0.6913692296435621,0.1036079238168092,9.999000099990002e-05,0.0001599840015998,True
sufficiency_A,secondary_40,P0,P_A_ONLY,36,2024-08,0.0895323166779488,0.1092804236609648,0.5828099723217194,0.0895323175845981,0.0001999800019998,0.0003076615415381,True
sufficiency_B,secondary_40,P0,P_B_ONLY,0,2021-08,0.1085240688165081,0.1049465566966006,0.4133181117425576,0.1085240692824398,9.999000099990002e-05,0.0001599840015998,True
sufficiency_B,secondary_40,P0,P_B_ONLY,6,2022-02,0.0908956596441841,0.0928555830768408,0.6850182663550134,0.0908956574087402,9.999000099990002e-05,0.0001599840015998,True
sufficiency_B,secondary_40,P0,P_B_ONLY,12,2022-08,0.0773724152775475,0.1023417765484882,0.4729417739929811,0.0773724159668546,0.0021997800219978,0.0029330400293304,True
sufficiency_B,secondary_40,P0,P_B_ONLY,24,2023-08,0.0748663133780982,0.1054921780012515,0.5401370275034629,0.0748663151666422,0.0110988901109889,0.013453200134532,True
sufficiency_B,secondary_40,P0,P_B_ONLY,36,2024-08,0.080293960784794,0.100435564445165,0.6222196566977686,0.0802939605698029,0.0002999700029997,0.000444400004444,True
sufficiency_C,secondary_40,P0,P_C_ONLY,0,2021-08,0.270243979324282,0.134149242817622,0.9322077685822108,0.2702439877337981,9.999000099990002e-05,0.0001599840015998,True
sufficiency_C,secondary_40,P0,P_C_ONLY,6,2022-02,0.1619898358386009,0.1040339301216997,0.8496298216367556,0.1619898401333607,9.999000099990002e-05,0.0001599840015998,True
sufficiency_C,secondary_40,P0,P_C_ONLY,12,2022-08,0.1891930325368241,0.1171701522237899,0.8874132831922352,0.1891930358071762,9.999000099990002e-05,0.0001599840015998,True
sufficiency_C,secondary_40,P0,P_C_ONLY,24,2023-08,0.191881205720857,0.1153124198762762,0.9086856487304116,0.1918812133205534,9.999000099990002e-05,0.0001599840015998,True
sufficiency_C,secondary_40,P0,P_C_ONLY,36,2024-08,0.190420662825734,0.111974140675514,0.8856094149165828,0.1904206689508585,9.999000099990002e-05,0.0001599840015998,True
necessity_A,secondary_40,P_ABC_MINUS_A_STATE,P_ABC,0,2021-08,0.0,1.4294198782987396e-08,,0.0,1.0,1.0,False
necessity_A,secondary_40,P_ABC_MINUS_A_STATE,P_ABC,6,2022-02,0.0690569594886061,0.0336129887533481,0.7165415852276151,0.0690569604457938,9.999000099990002e-05,0.0001599840015998,True
necessity_A,secondary_40,P_ABC_MINUS_A_STATE,P_ABC,12,2022-08,0.0691721328094097,0.0364013218133551,0.5583938890644137,0.0691721317735864,9.999000099990002e-05,0.0001599840015998,True
necessity_A,secondary_40,P_ABC_MINUS_A_STATE,P_ABC,24,2023-08,0.0699014822359466,0.0336513176102695,0.6599881988210516,0.0699014836418569,9.999000099990002e-05,0.0001599840015998,True
necessity_A,secondary_40,P_ABC_MINUS_A_STATE,P_ABC,36,2024-08,0.0668481095706227,0.0322556497440231,0.5439019267225056,0.0668481087930956,9.999000099990002e-05,0.0001599840015998,True
necessity_B,secondary_40,P_ABC_MINUS_B_STATE,P_ABC,0,2021-08,0.0,1.4294198782987396e-08,,0.0,1.0,1.0,False
necessity_B,secondary_40,P_ABC_MINUS_B_STATE,P_ABC,6,2022-02,0.0583153348149403,0.0840814152236078,0.4594088356359396,0.058315334867777,0.1507849215078492,0.177394025303352,False
necessity_B,secondary_40,P_ABC_MINUS_B_STATE,P_ABC,12,2022-08,0.0556636811115947,0.0865020901299529,0.2913862836055783,0.0556636776827176,0.3397660233976602,0.3883040267401831,False
necessity_B,secondary_40,P_ABC_MINUS_B_STATE,P_ABC,24,2023-08,0.066101842169285,0.0817494634730358,0.2510963938109558,0.0661018456073248,0.0047995200479952,0.005999400059994,True
necessity_B,secondary_40,P_ABC_MINUS_B_STATE,P_ABC,36,2024-08,0.0508147119504027,0.0852454304667286,-0.0263558986622725,0.0508147115685063,0.6296370362963704,0.699596706995967,False
necessity_C,secondary_40,P_ABC_MINUS_C_STATE,P_ABC,0,2021-08,0.0,1.4294198782987396e-08,,0.0,1.0,1.0,False
necessity_C,secondary_40,P_ABC_MINUS_C_STATE,P_ABC,6,2022-02,0.0727715524055751,0.0871431893443779,0.5487602295025409,0.0727715502856164,0.0005999400059994,0.0008570571514277,True
necessity_C,secondary_40,P_ABC_MINUS_C_STATE,P_ABC,12,2022-08,0.0727014074070529,0.0891640185648413,0.5705593583856884,0.0727014032156322,0.0046995300469953,0.005999400059994,True
necessity_C,secondary_40,P_ABC_MINUS_C_STATE,P_ABC,24,2023-08,0.0726050614016105,0.0847083962308967,0.5458307903254896,0.072605060803236,0.0007999200079992,0.0011033379420678,True
necessity_C,secondary_40,P_ABC_MINUS_C_STATE,P_ABC,36,2024-08,0.085301692608718,0.0886269438079543,0.4382605787418698,0.0853016969544552,9.999000099990002e-05,0.0001599840015998,True
